唯一标识,行政相对人名称,统一社会信用代码,法定代表人,行政处罚决定书文号,违法行为类型,违法事实,处罚依据,处罚类别,处罚内容,罚款金额（万元）,没收违法所得、没收非法财物的金额（万元）,处罚决定日期,处罚有效期,公示截止期,处罚机关,处罚机关统一社会信用代码,数据来源单位,数据来源单位统一社会信用代码,备注,是否删除,行政相对人类别,更新时间
44e841ff-413f-4092-95e6-53026b710531,北京莱速科技有限责任公司,91110108MA01XQ7X3R,刘*,(京)文执罚 〔2023〕第200117号,出版、发布、传播《未成年人保护法》五十一条规定的内容，包含可能影响未成年人身心健康内容的，未以显著方式作出提示（应由文化综合执法机构处罚的行为）,北京莱速科技有限责任公司于2023年04月23日与2023年06月21日期间，存在出版、发布、传播《未成年人保护法》五十一条规定的内容，包含可能影响未成年人身心健康内容的，未以显著方式作出提示（应由文化综合执法机构处罚的行为）,《中华人民共和国未成年人保护法》第一百二十一条,警告,警告。,,,2023-09-01,2099-12-31,2024-09-01,北京市文化和旅游局,11110000777051923C,北京市文化市场综合执法总队,11110000MB1G486092,,0,法人及非法人组织,13/6/2024 17:22:35
5a7350b9-725d-4922-a866-6cba99d3ab78,北京惠红慧梓文化传播有限公司,91110115MA00H3796B,翟*鹏,(京)文执罚 〔2023〕第400254号,出版、发布、传播《未成年人保护法》五十一条规定的内容，包含可能影响未成年人身心健康内容的，未以显著方式作出提示（应由文化综合执法机构处罚的行为）,北京市惠红慧梓文化传播有限公司于2023年03月31日与2023年08月03日期间，存在出版、发布、传播《未成年人保护法》五十一条规定的内容，包含可能影响未成年人身心健康内容的，未以显著方式作出提示（应由文化综合执法机构处罚的行为）,《中华人民共和国未成年人保护法》第一百二十一条,警告,警告。,,,2023-09-21,2099-12-31,2024-09-21,北京市文化和旅游局,11110000777051923C,北京市文化市场综合执法总队,11110000MB1G486092,,0,法人及非法人组织,13/6/2024 17:22:32
ef4ecc0e-b1b5-489d-b0a3-bb6a18c62466,北京乐趣玩文化传媒有限公司,91110117MA04C3A24F,田*童,(京)文执罚 〔2023〕第200174号,出版、发布、传播《未成年人保护法》五十一条规定的内容，包含可能影响未成年人身心健康内容的，未以显著方式作出提示（应由文化综合执法机构处罚的行为）,北京乐趣玩文化传媒有限公司于2023年08月19日与2023年09月19日期间，存在出版、发布、传播《未成年人保护法》五十一条规定的内容，包含可能影响未成年人身心健康内容的，未以显著方式作出提示（应由文化综合执法机构处罚的行为）,《中华人民共和国未成年人保护法》第一百二十一条,警告,警告。,,,2023-11-10,2099-12-31,2024-11-10,北京市文化和旅游局,11110000777051923C,北京市文化市场综合执法总队,11110000MB1G486092,,0,法人及非法人组织,13/6/2024 17:22:41
087e17d2-7963-4931-bccc-00dbaf852e88,北京王竹星琳文化传媒有限公司,91110105MA7CJWTE01,邓*,(京)文执罚 〔2023〕第200150号,出版、发布、传播《未成年人保护法》五十一条规定的内容，包含可能影响未成年人身心健康内容的，未以显著方式作出提示（应由文化综合执法机构处罚的行为）,北京王竹星琳文化传媒有限公司于2023年06月10日至2023年09月07日期间，存在传播《中华人民共和国未成年人保护法》第五十一条规定的内容，包含可能影响未成年人身心健康内容的，未以显著方式作出提示的违法行为，无违法所得。,《中华人民共和国未成年人保护法》第一百二十一条,警告,警告。,,,2023-09-27,2099-12-31,2024-09-27,北京市文化和旅游局,11110000777051923C,北京市文化市场综合执法总队,11110000MB1G486092,,0,法人及非法人组织,13/6/2024 17:22:33
536f5b82-c66f-4be7-989b-99956285be96,北京建岛文化传媒有限公司,91110102MA7MXYM37E,刘*昭,(京)文执罚 〔2023〕第200094号,出版、发布、传播《未成年人保护法》五十一条规定的内容，包含可能影响未成年人身心健康内容的，未以显著方式作出提示（应由文化综合执法机构处罚的行为）,北京建岛文化传媒有限公司于2023年05月01日与2023年06月09日期间，存在出版、发布、传播《未成年人保护法》五十一条规定的内容，包含可能影响未成年人身心健康内容的，未以显著方式作出提示（应由文化综合执法机构处罚的行为）,《中华人民共和国未成年人保护法》第一百二十一条,警告,警告。,,,2023-06-30,2099-12-31,2024-06-30,北京市文化和旅游局,11110000777051923C,北京市文化市场综合执法总队,11110000MB1G486092,,0,法人及非法人组织,13/6/2024 17:22:28
75c83cf1-14f4-4751-9a4f-3cc28c95c091,北京天顺八酒店管理有限责任公司,91110107569541514J,陈*,(京)文执罚 〔2023〕第200088号,出版、发布、传播《未成年人保护法》五十一条规定的内容，包含可能影响未成年人身心健康内容的，未以显著方式作出提示（应由文化综合执法机构处罚的行为）,    北京天顺八酒店管理有限责任公司于2023年06月03日与2023年06月12日期间，存在传播《未成年人保护法》五十一条规定的内容，包含可能影响未成年人身心健康内容的，未以显著方式作出提示（应由文化综合执法机构处罚的行为）的违法行为，无违法所得。,《中华人民共和国未成年人保护法》第一百二十一条,警告,警告。,,,2023-06-29,2099-12-31,2024-06-29,北京市文化和旅游局,11110000777051923C,北京市文化市场综合执法总队,11110000MB1G486092,,0,法人及非法人组织,13/6/2024 17:22:30
a37ceb0a-8711-43d4-af65-df9d1c0a8f65,北京亓元文化有限责任公司,91110101MABNBKE95Q,常*骐,(京)文执罚 〔2023〕第200048号,出版、发布、传播《未成年人保护法》五十一条规定的内容，包含可能影响未成年人身心健康内容的，未以显著方式作出提示（应由文化综合执法机构处罚的行为）,北京亓元文化有限责任公司于2023年03月15日至2023年03月29日期间，存在出版、发布、传播《未成年人保护法》五十一条规定的内容，包含可能影响未成年人身心健康内容的，未以显著方式作出提示（应由文化综合执法机构处罚的行为）。,《中华人民共和国未成年人保护法》第一百二十一条,警告,警告。,,,2023-06-09,2099-12-31,2024-06-09,北京市文化和旅游局,11110000777051923C,北京市文化市场综合执法总队,11110000MB1G486092,,0,法人及非法人组织,13/6/2024 17:22:34
d3898c7a-d36e-48f3-b14e-4c2eeff69961,西街十七号（北京）商贸有限公司,91110102MA02MDA16M,郭*琛,(京)文执罚 〔2023〕第200070号,出版、发布、传播《未成年人保护法》五十一条规定的内容，包含可能影响未成年人身心健康内容的，未以显著方式作出提示（应由文化综合执法机构处罚的行为）,西街十七号（北京）商贸有限公司于2022年02月01日与2023年05月24日期间，存在出版、发布、传播《未成年人保护法》五十一条规定的内容，包含可能影响未成年人身心健康内容的，未以显著方式作出提示（应由文化综合执法机构处罚的行为）,《中华人民共和国未成年人保护法》第一百二十一条,警告,警告。,,,2023-06-29,2099-12-31,2024-06-29,北京市文化和旅游局,11110000777051923C,北京市文化市场综合执法总队,11110000MB1G486092,,0,法人及非法人组织,13/6/2024 17:22:34
f87fb840-ed94-40a3-8eed-b08fb4577321,侦八厝（北京）娱乐文化有限公司,91110101MA02166L04,杜*轩,(京)文执罚 〔2023〕第200051号,出版、发布、传播《未成年人保护法》五十一条规定的内容，包含可能影响未成年人身心健康内容的，未以显著方式作出提示（应由文化综合执法机构处罚的行为）,侦八厝（北京）娱乐文化有限公司于2023年01月01日与2023年05月09日期间，存在传播《未成年人保护法》五十一条规定的内容，包含可能影响未成年人身心健康内容的，未以显著方式作出提示（应由文化综合执法机构处罚的行为），依法作出行政处罚：警告。,《中华人民共和国未成年人保护法》第一百二十一条,警告,警告。,,,2023-06-15,2099-12-31,2024-06-15,北京市文化和旅游局,11110000777051923C,北京市文化市场综合执法总队,11110000MB1G486092,,0,法人及非法人组织,13/6/2024 17:22:24
27719ab6-f716-4e39-a8ec-3861730bd4b6,北京久理文化有限公司,91110102MA029X4M3M,李*勋,(京)文执罚 〔2023〕第200084号,出版、发布、传播《未成年人保护法》五十一条规定的内容，包含可能影响未成年人身心健康内容的，未以显著方式作出提示（应由文化综合执法机构处罚的行为）,北京久理文化有限公司于2021年04月16日与2023年05月08日期间，存在出版、发布、传播《未成年人保护法》五十一条规定的内容，包含可能影响未成年人身心健康内容的，未以显著方式作出提示（应由文化综合执法机构处罚的行为）,《中华人民共和国未成年人保护法》第一百二十一条,警告,警告。,,,2023-06-29,2099-12-31,2024-06-29,北京市文化和旅游局,11110000777051923C,北京市文化市场综合执法总队,11110000MB1G486092,,0,法人及非法人组织,13/6/2024 17:22:33
953f746f-a0b6-4c4c-bb0c-d63ac708fc74,北京星兆流沙娱乐有限公司,91110115MA029QGT85,赵*伟,(京)文执罚 〔2023〕第400191号,出版、发布、传播《未成年人保护法》五十一条规定的内容，包含可能影响未成年人身心健康内容的，未以显著方式作出提示（应由文化综合执法机构处罚的行为）,北京星兆流沙娱乐有限公司于2021年05月01日与2023年07月18日期间，存在出版、发布、传播《未成年人保护法》五十一条规定的内容，包含可能影响未成年人身心健康内容的，未以显著方式作出提示（应由文化综合执法机构处罚的行为）,《中华人民共和国未成年人保护法》第一百二十一条,警告,警告。,,,2023-08-28,2099-12-31,2024-08-28,北京市文化和旅游局,11110000777051923C,北京市文化市场综合执法总队,11110000MB1G486092,,0,法人及非法人组织,13/6/2024 17:22:33
97735ecf-56ce-464c-8022-6790737db8e9,北京剧诞娱乐有限公司,91110106MACL87N07E,吴*晗,(京)文执罚 〔2023〕第200149号,出版、发布、传播《未成年人保护法》五十一条规定的内容，包含可能影响未成年人身心健康内容的，未以显著方式作出提示（应由文化综合执法机构处罚的行为）,北京剧诞娱乐有限公司于2023年08月15日至2023年09月12日期间，存在传播《中华人民共和国未成年人保护法》第五十一条规定的内容，包含可能影响未成年人身心健康内容的，未以显著方式作出提示的违法行为，无违法所得。,《中华人民共和国未成年人保护法》第一百二十一条,警告,警告。,,,2023-09-27,2099-12-31,2024-09-27,北京市文化和旅游局,11110000777051923C,北京市文化市场综合执法总队,11110000MB1G486092,,0,法人及非法人组织,13/6/2024 17:22:25
c4c8edf8-f0f9-4365-af3d-240f32102d78,北京君联万邦餐饮管理有限公司,91110105MA7KQU4315,陈*,(京)文执罚 〔2023〕第200165号,出版、发布、传播《未成年人保护法》五十一条规定的内容，包含可能影响未成年人身心健康内容的，未以显著方式作出提示（应由文化综合执法机构处罚的行为）,北京君联万邦餐饮管理有限公司于2023年04月01日与2023年09月07日期间，存在出版、发布、传播《未成年人保护法》五十一条规定的内容，包含可能影响未成年人身心健康内容的，未以显著方式作出提示（应由文化综合执法机构处罚的行为），无违法所得。,《中华人民共和国未成年人保护法》第一百二十一条,警告,警告。,,,2023-11-07,2099-12-31,2024-11-07,北京市文化和旅游局,11110000777051923C,北京市文化市场综合执法总队,11110000MB1G486092,,0,法人及非法人组织,13/6/2024 17:22:27
dd4443f3-b5ed-4a65-befe-03d51af86b34,北京明早文化传媒有限公司,91110101MA02M6LN76,余*婕,(京)文执罚 〔2023〕第200061号,出版、发布、传播《未成年人保护法》五十一条规定的内容，包含可能影响未成年人身心健康内容的，未以显著方式作出提示（应由文化综合执法机构处罚的行为）,北京明早文化传媒有限公司于2022年02月01日与2023年05月28日期间，存在传播《未成年人保护法》五十一条规定的内容，包含可能影响未成年人身心健康内容的，未以显著方式作出提示（应由文化综合执法机构处罚的行为）的违法行为，依法作出警告行政处罚。,《中华人民共和国未成年人保护法》第一百二十一条,警告,警告。,,,2023-06-20,2099-12-31,2024-06-20,北京市文化和旅游局,11110000777051923C,北京市文化市场综合执法总队,11110000MB1G486092,,0,法人及非法人组织,13/6/2024 17:22:39
2f017f8e-2d78-482a-ada5-5bfb296077bb,北京玩呗科技有限公司,91110115MA04G85A3E,陈*竹,(京)文执罚 〔2023〕第400218号,出版、发布、传播《未成年人保护法》五十一条规定的内容，包含可能影响未成年人身心健康内容的，未以显著方式作出提示（应由文化综合执法机构处罚的行为）,"北京玩呗科技有限公司于2023年02月01日与2023年07月18日期间，存在出版、发布、传播《未成年人保护法》五十一条规定的内容，包含可能影响未成年人身心健康内容的，未以显著方式作出提示（应由文化综合执法机构处罚的行为）。该单位的上述行为违反了《中华人民共和国未成年人保护法》第五十一条的规定，依据《中华人民共和国未成年人保护法》第一百二十一条的规定,对该单位作出行政处罚。",《中华人民共和国未成年人保护法》第一百二十一条,警告,警告。,,,2023-09-12,2099-12-31,2024-09-12,北京市文化和旅游局,11110000777051923C,北京市文化市场综合执法总队,11110000MB1G486092,,0,法人及非法人组织,13/6/2024 17:22:31
5f63b5e9-6b46-440a-8fe3-45d5a6a917a3,北京义永祥文化娱乐有限公司,91110102MADW6XLJ1K,韩*有,(京)文执罚 〔2025〕第200010号,出版、发布、传播《未成年人保护法》五十一条规定的内容，包含可能影响未成年人身心健康内容的，未以显著方式作出提示（应由文化综合执法机构处罚的行为）,北京义永祥文化娱乐有限公司于2025年04月09日至2025年04月14日期间，存在出版、发布、传播《未成年人保护法》五十一条规定的内容，包含可能影响未成年人身心健康内容的，未以显著方式作出提示（应由文化综合执法机构处罚的行为）,《中华人民共和国未成年人保护法》第一百二十一条,警告,警告。,,,2025-06-10,2099-12-31,2026-06-10,北京市文化和旅游局,11110000777051923C,北京市文化市场综合执法总队,11110000MB1G486092,,0,法人及非法人组织,23/6/2025 11:18:05
7477924a-5d27-4467-a42f-7784a3702513,北京华心鉴文化传媒有限公司,91110102MA01XPEL7N,朱*蕙,(京)文执罚 〔2023〕第200115号,出版、发布、传播《未成年人保护法》五十一条规定的内容，包含可能影响未成年人身心健康内容的，未以显著方式作出提示（应由文化综合执法机构处罚的行为）,北京华心鉴文化传媒有限公司于2020年12月与2023年06月期间，存在出版、发布、传播《未成年人保护法》五十一条规定的内容，包含可能影响未成年人身心健康内容的，未以显著方式作出提示（应由文化综合执法机构处罚的行为）,《中华人民共和国未成年人保护法》第一百二十一条,警告,警告。,,,2023-09-01,2099-12-31,2024-09-01,北京市文化和旅游局,11110000777051923C,北京市文化市场综合执法总队,11110000MB1G486092,,0,法人及非法人组织,13/6/2024 17:22:41
a0571256-cbb6-4dde-a67b-96fc62e066e5,北京异之城文化传播有限公司,91110105MA7LJJP62A,宋*艳,(京)文执罚 〔2023〕第200130号,出版、发布、传播《未成年人保护法》五十一条规定的内容，包含可能影响未成年人身心健康内容的，未以显著方式作出提示（应由文化综合执法机构处罚的行为）,北京异之城文化传播有限公司于2022年03月16日至2023年07月19日期间，存在出版、发布、传播《未成年人保护法》五十一条规定的内容，包含可能影响未成年人身心健康内容的，未以显著方式作出提示（应由文化综合执法机构处罚的行为）,《中华人民共和国未成年人保护法》第一百二十一条,警告,警告。,,,2023-09-06,2099-12-31,2024-09-06,北京市文化和旅游局,11110000777051923C,北京市文化市场综合执法总队,11110000MB1G486092,,0,法人及非法人组织,13/6/2024 17:22:41
a550268d-6c21-4825-85af-11615c60ceac,北京摩卡甄选文化传媒有限公司,91110101MA7G9Q3R44,张*航,(京)文执罚 〔2024〕第200018号,制作、复制、出版、发布、传播含有《未成年人保护法》五十条禁止内容的文化产品（应由文化综合执法机构处罚的行为）,   北京摩卡甄选文化传媒有限公司于2022年12月01日与2023年12月19日，存在传播含有《中华人民共和国未成年人保护法》五十条禁止内容的文化产品的违法行为，违法所得人民币壹仟壹佰柒拾陆元。,《中华人民共和国未成年人保护法》第一百二十一条,警告;罚款;没收违法所得、没收非法财物,1.没收违法所得人民币壹仟壹佰柒拾陆元;2.警告;3.罚款人民币贰仟元。,0.2,0.1176,2024-02-06,2099-12-31,2025-02-06,北京市文化和旅游局,11110000777051923C,北京市文化市场综合执法总队,11110000MB1G486092,,0,法人及非法人组织,13/6/2024 17:06:26
c61d0ab2-fd2c-4065-9cc1-a12e6a0fab09,北京语墨沁竹文化传媒有限公司,91110108MAD7C3E26K,房*菲,(京)文执罚 〔2024〕第200061号,出版、发布、传播《未成年人保护法》五十一条规定的内容，包含可能影响未成年人身心健康内容的，未以显著方式作出提示（应由文化综合执法机构处罚的行为）,北京语墨沁竹文化传媒有限公司于2023年12月26日至2024年04月15日期间，存在出版、发布、传播《未成年人保护法》五十一条规定的内容，包含可能影响未成年人身心健康内容的，未以显著方式作出提示（应由文化综合执法机构处罚的行为），无违法所得,《中华人民共和国未成年人保护法》第一百二十一条,警告,警告。,,,2024-06-08,2099-12-31,2025-06-08,北京市文化和旅游局,11110000777051923C,北京市文化市场综合执法总队,11110000MB1G486092,,0,法人及非法人组织,13/6/2024 17:06:31
cf4b5293-565a-4a2f-962d-683d915dab1e,北京市由马思维逻辑竞技娱乐店（经营者：肖振坤）,92110106MAC0LXPE7P,肖*坤,(京)文执罚 〔2023〕第200146号,出版、发布、传播《未成年人保护法》五十一条规定的内容，包含可能影响未成年人身心健康内容的，未以显著方式作出提示（应由文化综合执法机构处罚的行为）,北京市由马思维逻辑竞技娱乐店于2023年01月31日与2023年09月03日期间，存在传播《中华人民共和国未成年人保护法》第五十一条规定的内容，包含可能影响未成年人身心健康内容的，未以显著方式作出提示的违法行为，无违法所得。,《中华人民共和国未成年人保护法》第一百二十一条,警告,警告。,,,2023-09-26,2099-12-31,2024-09-26,北京市文化和旅游局,11110000777051923C,北京市文化市场综合执法总队,11110000MB1G486092,,0,个体工商户,13/6/2024 17:22:35
05feea49-064c-4a79-88c4-74d8b2fa5e0c,北京柏晟文化传播有限公司,91110115MA028JK28A,马*晟,(京)文执罚 〔2023〕第400213号,出版、发布、传播《未成年人保护法》五十一条规定的内容，包含可能影响未成年人身心健康内容的，未以显著方式作出提示（应由文化综合执法机构处罚的行为）,北京柏晟文化传播有限公司于2021年05月01日与2023年08月03日期间，存在出版、发布、传播《未成年人保护法》五十一条规定的内容，包含可能影响未成年人身心健康内容的，未以显著方式作出提示（应由文化综合执法机构处罚的行为）。,《中华人民共和国未成年人保护法》第一百二十一条,警告,警告。,,,2023-09-12,2099-12-31,2024-09-12,北京市文化和旅游局,11110000777051923C,北京市文化市场综合执法总队,11110000MB1G486092,,0,法人及非法人组织,13/6/2024 17:22:43
6720b2dc-0fb4-4057-b987-d1be016d682e,北京风起逍遥文化传播有限公司,91110106MA01Q83Y9F,冀*宇,(京)文执罚 〔2023〕第200143号,出版、发布、传播《未成年人保护法》五十一条规定的内容，包含可能影响未成年人身心健康内容的，未以显著方式作出提示（应由文化综合执法机构处罚的行为）,北京风起逍遥文化传播有限公司于2021年08月15日至2023年09月03日期间，存在传播《中华人民共和国未成年人保护法》第五十一条规定的内容，包含可能影响未成年人身心健康内容的，未以显著方式作出提示（应由文化综合执法机构处罚的行为）的违法行为，无违法所得。,《中华人民共和国未成年人保护法》第一百二十一条,警告,警告。,,,2023-09-25,2099-12-31,2024-09-25,北京市文化和旅游局,11110000777051923C,北京市文化市场综合执法总队,11110000MB1G486092,,0,法人及非法人组织,13/6/2024 17:22:39
32c35d38-b191-475e-a656-974cdccac71f,北京玖号别馆文化传播有限公司,91110108MA04BE2A3X,王*淳,(京)文执罚 〔2025〕第200026号,出版、发布、传播《未成年人保护法》五十一条规定的内容，包含可能影响未成年人身心健康内容的，未以显著方式作出提示（应由文化综合执法机构处罚的行为）,北京玖号别馆文化传播有限公司于2024年04月25日至2025年07月24日期间，存在出版、发布、传播《未成年人保护法》五十一条规定的内容，包含可能影响未成年人身心健康内容的，未以显著方式作出提示（应由文化综合执法机构处罚的行为）,《中华人民共和国未成年人保护法》第一百二十一条,警告,1.警告;,,,2025-10-22,2099-12-31,2026-10-22,北京市文化和旅游局,11110000777051923C,北京市文化市场综合执法总队,11110000MB1G486092,,0,法人及非法人组织,22/12/2025 16:07:25
67532249-4d31-4f7a-83f6-0d97cd54adac,北京柒乐互动网络科技有限公司,91110105MA01BXB838,苏*,(京)文执罚 〔2023〕第200119号,出版、发布、传播《未成年人保护法》五十一条规定的内容，包含可能影响未成年人身心健康内容的，未以显著方式作出提示（应由文化综合执法机构处罚的行为）,北京柒乐互动网络科技有限公司于2023年06月09日与2023年06月13日期间，存在出版、发布、传播《未成年人保护法》五十一条规定的内容，包含可能影响未成年人身心健康内容的，未以显著方式作出提示（应由文化综合执法机构处罚的行为）,《中华人民共和国未成年人保护法》第一百二十一条,警告,警告。,,,2023-09-05,2099-12-31,2024-09-05,北京市文化和旅游局,11110000777051923C,北京市文化市场综合执法总队,11110000MB1G486092,,0,法人及非法人组织,13/6/2024 17:22:36
685e7c84-e49e-4c76-8820-ac5dced99159,北京折耳猫室内娱乐有限公司,91110115MA04BXML2H,祝*孝,(京)文执罚 〔2023〕第400188号,出版、发布、传播《未成年人保护法》五十一条规定的内容，包含可能影响未成年人身心健康内容的，未以显著方式作出提示（应由文化综合执法机构处罚的行为）,北京折耳猫室内娱乐有限公司于2022年10月08日与2023年07月14日期间，存在出版、发布、传播《未成年人保护法》五十一条规定的内容，包含可能影响未成年人身心健康内容的，未以显著方式作出提示（应由文化综合执法机构处罚的行为）,《中华人民共和国未成年人保护法》第一百二十一条,警告,警告。,,,2023-08-28,2099-12-31,2024-08-28,北京市文化和旅游局,11110000777051923C,北京市文化市场综合执法总队,11110000MB1G486092,,0,法人及非法人组织,13/6/2024 17:22:22
6ddf68c7-9a48-4e67-9b5b-fbd62d54878c,芯瑶（北京）文化传媒有限责任公司,91110115MA02A8H387,杨*鲲,(京)文执罚 〔2023〕第400198号,出版、发布、传播《未成年人保护法》五十一条规定的内容，包含可能影响未成年人身心健康内容的，未以显著方式作出提示（应由文化综合执法机构处罚的行为）,芯瑶（北京）文化传媒有限责任公司于2021年07月20日与2023年08月15日期间，存在出版、发布、传播《未成年人保护法》五十一条规定的内容，包含可能影响未成年人身心健康内容的，未以显著方式作出提示（应由文化综合执法机构处罚的行为）,《中华人民共和国未成年人保护法》第一百二十一条,警告,警告。,,,2023-08-31,2099-12-31,2024-08-31,北京市文化和旅游局,11110000777051923C,北京市文化市场综合执法总队,11110000MB1G486092,,0,法人及非法人组织,13/6/2024 17:22:30
a7d46ca5-8ac6-44e3-bbaf-1f2af436d1cd,北京不俗文化娱乐有限公司,91110105MA0205A9X4,沙*乙,(京)文执罚 〔2023〕第200144号,出版、发布、传播《未成年人保护法》五十一条规定的内容，包含可能影响未成年人身心健康内容的，未以显著方式作出提示（应由文化综合执法机构处罚的行为）,北京不俗文化娱乐有限公司于2022年07月19日与2023年08月01日期间，存在出版、发布、传播《未成年人保护法》五十一条规定的内容，包含可能影响未成年人身心健康内容的，且未以显著方式作出适龄提示，给予该单位警告的行政处罚。,《中华人民共和国未成年人保护法》第一百二十一条,警告,警告。,,,2023-09-26,2099-12-31,2024-09-26,北京市文化和旅游局,11110000777051923C,北京市文化市场综合执法总队,11110000MB1G486092,,0,法人及非法人组织,13/6/2024 17:22:37
da3f112c-a90f-424b-a73c-35aba07031c6,北京优米玩剧本娱乐中心（经营者：沈一丁）,92110105MACB8XBU85,沈*丁,(京)文执罚 〔2023〕第200135号,出版、发布、传播《未成年人保护法》五十一条规定的内容，包含可能影响未成年人身心健康内容的，未以显著方式作出提示（应由文化综合执法机构处罚的行为）,北京优米玩剧本娱乐中心（经营者：沈一丁）于2023年04月15日至2023年08月21日期间，存在出版、发布、传播《未成年人保护法》五十一条规定的内容，包含可能影响未成年人身心健康内容的，未以显著方式作出提示的行为，给予警告的行政处罚。,《中华人民共和国未成年人保护法》第一百二十一条,警告,警告。,,,2023-09-19,2099-12-31,2024-09-19,北京市文化和旅游局,11110000777051923C,北京市文化市场综合执法总队,11110000MB1G486092,,0,个体工商户,13/6/2024 17:22:42
01363a3a-44f9-4945-8927-d0a5bde89936,咆哮村（北京）文化传媒有限公司,91110302MA00FG029K,王*,(京)文执罚 〔2023〕第400192号,出版、发布、传播《未成年人保护法》五十一条规定的内容，包含可能影响未成年人身心健康内容的，未以显著方式作出提示（应由文化综合执法机构处罚的行为）,咆哮村（北京）文化传媒有限公司于2023年06月与2023年07月期间，存在出版、发布、传播《未成年人保护法》五十一条规定的内容，包含可能影响未成年人身心健康内容的，未以显著方式作出提示行为。,《中华人民共和国未成年人保护法》第一百二十一条,警告,警告。,,,2023-08-30,2099-12-31,2024-08-30,北京市文化和旅游局,11110000777051923C,北京市文化市场综合执法总队,11110000MB1G486092,,0,法人及非法人组织,13/6/2024 17:22:34
1a537b2e-a80f-4a53-ac5a-481b8d61425d,北京轶伦文化传播有限公司,91110105MA029TUAX3,侯*润,(京)文执罚 〔2023〕第200118号,出版、发布、传播《未成年人保护法》五十一条规定的内容，包含可能影响未成年人身心健康内容的，未以显著方式作出提示（应由文化综合执法机构处罚的行为）,北京轶伦文化传播有限公司存在出版、发布、传播《未成年人保护法》五十一条规定的内容，包含可能影响未成年人身心健康内容的，未以显著方式作出提示（应由文化综合执法机构处罚的行为）,《中华人民共和国未成年人保护法》第一百二十一条,警告,警告。,,,2023-09-04,2099-12-31,2024-09-04,北京市文化和旅游局,11110000777051923C,北京市文化市场综合执法总队,11110000MB1G486092,,0,法人及非法人组织,13/6/2024 17:22:42
1f302f2a-2c1f-4746-8df6-5628e754eccf,北京角宿一文化传播有限公司,91110108MA04F8H45N,钟*阳,(京)文执罚 〔2023〕第200173号,出版、发布、传播《未成年人保护法》五十一条规定的内容，包含可能影响未成年人身心健康内容的，未以显著方式作出提示（应由文化综合执法机构处罚的行为）,北京角宿一文化传播有限公司于2022年03月与2023年09月19日期间，存在传播《未成年人保护法》五十一条规定的内容，包含可能影响未成年人身心健康内容，未以显著方式作出提示（应由文化综合执法机构处罚的行为）,《中华人民共和国未成年人保护法》第一百二十一条,警告,警告。,,,2023-11-08,2099-12-31,2024-11-08,北京市文化和旅游局,11110000777051923C,北京市文化市场综合执法总队,11110000MB1G486092,,0,法人及非法人组织,13/6/2024 17:22:30
395a3423-1cf8-4219-b388-4f332ab72b4b,咆哮村（北京）文化传媒有限公司,91110302MA00FG029K,王*,(京)文执罚 〔2024〕第200059号,出版、发布、传播《未成年人保护法》五十一条规定的内容，包含可能影响未成年人身心健康内容的，未以显著方式作出提示（应由文化综合执法机构处罚的行为）,咆哮村（北京）文化传媒有限公司于2024年02月20日至2024年03月28日期间，存在出版、发布、传播《未成年人保护法》五十一条规定的内容，包含可能影响未成年人身心健康内容的，未以显著方式作出提示（应由文化综合执法机构处罚的行为），无违法所得,《中华人民共和国未成年人保护法》第一百二十一条,警告,警告。,,,2024-06-08,2099-12-31,2025-06-08,北京市文化和旅游局,11110000777051923C,北京市文化市场综合执法总队,11110000MB1G486092,,0,法人及非法人组织,13/6/2024 17:06:31
47ada2c1-333a-45de-bf6c-fd6492ba7fe4,北京拾方文化娱乐有限公司,91110105MA01YUPB47,尚*,(京)文执罚 〔2023〕第200134号,出版、发布、传播《未成年人保护法》五十一条规定的内容，包含可能影响未成年人身心健康内容的，未以显著方式作出提示（应由文化综合执法机构处罚的行为）,北京拾方文化娱乐有限公司于2023年05月15日至2023年08月23日期间，存在出版、发布、传播《未成年人保护法》五十一条规定的内容，包含可能影响未成年人身心健康内容的，未以显著方式作出提示的违法行为，给予警告的行政处罚。,《中华人民共和国未成年人保护法》第一百二十一条,警告,警告。,,,2023-09-18,2099-12-31,2024-09-18,北京市文化和旅游局,11110000777051923C,北京市文化市场综合执法总队,11110000MB1G486092,,0,法人及非法人组织,13/6/2024 17:22:34
4f1a9b20-84d4-4c70-8425-cf2feae1c9f9,北京麦骋文化有限公司,91110106MA02AYUM7D,吴*萌,(京)文执罚 〔2023〕第200087号,出版、发布、传播《未成年人保护法》五十一条规定的内容，包含可能影响未成年人身心健康内容的，未以显著方式作出提示（应由文化综合执法机构处罚的行为）,北京麦骋文化有限公司于2023年04月01日与2023年05月30日期间，存在传播《未成年人保护法》五十一条规定的内容，包含可能影响未成年人身心健康内容的，未以显著方式作出提示（应由文化综合执法机构处罚的行为）的违法行为，无违法所得。,《中华人民共和国未成年人保护法》第一百二十一条,警告,警告。,,,2023-06-29,2099-12-31,2024-06-29,北京市文化和旅游局,11110000777051923C,北京市文化市场综合执法总队,11110000MB1G486092,,0,法人及非法人组织,13/6/2024 17:22:33
17b65dd5-761b-42af-aebe-c4b4b1b0899d,北京轶伦文化传播有限公司,91110105MA029TUAX3,候*润,(京)文执罚 〔2023〕第200085号,出版、发布、传播《未成年人保护法》五十一条规定的内容，包含可能影响未成年人身心健康内容的，未以显著方式作出提示（应由文化综合执法机构处罚的行为）,北京轶伦文化传播有限公司于2021年11月01日与2023年06月07日期间，存在出版、发布、传播《未成年人保护法》五十一条规定的内容，包含可能影响未成年人身心健康内容的，未以显著方式作出提示（应由文化综合执法机构处罚的行为）,《中华人民共和国未成年人保护法》第一百二十一条,警告,警告。,,,2023-06-29,2099-12-31,2024-06-29,北京市文化和旅游局,11110000777051923C,北京市文化市场综合执法总队,11110000MB1G486092,,0,法人及非法人组织,13/6/2024 17:22:25
27cf9c0c-0408-48c7-9376-7459527bc56e, 北京唐红兴盛文化传播有限公司,91110105MA04BRGP0M,张*瑞,(京)文执罚 〔2023〕第200178号,出版、发布、传播《未成年人保护法》五十一条规定的内容，包含可能影响未成年人身心健康内容的，未以显著方式作出提示（应由文化综合执法机构处罚的行为）, 北京唐红兴盛文化传播有限公司于2021年08月01日与2023年08月22日期间，存在出版、发布、传播《未成年人保护法》五十一条规定的内容，包含可能影响未成年人身心健康内容的，未以显著方式作出提示（应由文化综合执法机构处罚的行为），无违法所得,《中华人民共和国未成年人保护法》第一百二十一条,警告,警告。,,,2023-11-23,2099-12-31,2024-11-23,北京市文化和旅游局,11110000777051923C,北京市文化市场综合执法总队,11110000MB1G486092,,0,法人及非法人组织,13/6/2024 17:22:37
2df39120-443a-401d-9321-1fbc814c5810,北京满座文化科技有限公司,91110114MA01UQN5XW,张*腾,(京)文执罚 〔2023〕第200127号,出版、发布、传播《未成年人保护法》五十一条规定的内容，包含可能影响未成年人身心健康内容的，未以显著方式作出提示（应由文化综合执法机构处罚的行为）,北京满座文化科技有限公司于2023年06月05日与2023年07月05日期间，存在出版、发布、传播《未成年人保护法》五十一条规定的内容，包含可能影响未成年人身心健康内容的，未以显著方式作出提示（应由文化综合执法机构处罚的行为）,《中华人民共和国未成年人保护法》第一百二十一条,警告,警告。,,,2023-09-06,2099-12-31,2024-09-06,北京市文化和旅游局,11110000777051923C,北京市文化市场综合执法总队,11110000MB1G486092,,0,法人及非法人组织,13/6/2024 17:22:38
53db303a-3c2c-4270-961a-5644b27ed932,北京涵逸文化传播有限公司,91110115MACHJP3U03,詹*涵,(京)文执罚 〔2023〕第400253号,出版、发布、传播《未成年人保护法》五十一条规定的内容，包含可能影响未成年人身心健康内容的，未以显著方式作出提示（应由文化综合执法机构处罚的行为）,北京涵逸文化传播有限公司于2023年05月24日与2023年07月13日期间，存在出版、发布、传播《未成年人保护法》五十一条规定的内容，包含可能影响未成年人身心健康内容的，未以显著方式作出提示（应由文化综合执法机构处罚的行为）,《中华人民共和国未成年人保护法》第一百二十一条,警告,警告。,,,2023-09-21,2099-12-31,2024-09-21,北京市文化和旅游局,11110000777051923C,北京市文化市场综合执法总队,11110000MB1G486092,,0,法人及非法人组织,13/6/2024 17:22:34
899839b2-3f67-44f7-ad2e-b9be5639db2f,北京五只猫文化科技有限公司,91110117MA020WF1XT,谢*强,(京)文执罚 〔2023〕第200185号,出版、发布、传播《未成年人保护法》五十一条规定的内容，包含可能影响未成年人身心健康内容的，未以显著方式作出提示（应由文化综合执法机构处罚的行为）,北京五只猫文化科技有限公司于2022年07月20日与2023年09月07日期间，存在出版、发布、传播《未成年人保护法》五十一条规定的内容，包含可能影响未成年人身心健康内容的，未以显著方式作出提示（应由文化综合执法机构处罚的行为），无违法所得,《中华人民共和国未成年人保护法》第一百二十一条,警告,警告。,,,2023-12-05,2099-12-31,2024-12-05,北京市文化和旅游局,11110000777051923C,北京市文化市场综合执法总队,11110000MB1G486092,,0,法人及非法人组织,13/6/2024 17:22:40
91777d8c-d985-4b5d-a40a-562b5a6c727f,北京妖邀幺吆文化传媒有限公司,91110102MA04BWA60C,郑*为,(京)文执罚 〔2023〕第200082号,出版、发布、传播《未成年人保护法》五十一条规定的内容，包含可能影响未成年人身心健康内容的，未以显著方式作出提示（应由文化综合执法机构处罚的行为）,北京妖邀幺吆文化传媒有限公司于2021年06月21日与2023年05月24日期间，存在出版、发布、传播《未成年人保护法》五十一条规定的内容，包含可能影响未成年人身心健康内容的，未以显著方式作出提示（应由文化综合执法机构处罚的行为）,《中华人民共和国未成年人保护法》第一百二十一条,警告,警告。,,,2023-06-29,2099-12-31,2024-06-29,北京市文化和旅游局,11110000777051923C,北京市文化市场综合执法总队,11110000MB1G486092,,0,法人及非法人组织,13/6/2024 17:22:38
d240ada4-9b6f-4b26-891b-cd85832683ee,北京月相文化有限公司,91110108MA021FQ86N,牛*,(京)文执罚 〔2023〕第200152号,出版、发布、传播《未成年人保护法》五十一条规定的内容，包含可能影响未成年人身心健康内容的，未以显著方式作出提示（应由文化综合执法机构处罚的行为）,北京月相文化有限公司于2023年08月01日至2023年08月21日期间，存在上架剧本包含可能影响未成年人身心健康内容的，未以显著方式作出提示的违法行为，无违法所得。,《中华人民共和国未成年人保护法》第一百二十一条,警告,警告。,,,2023-09-27,2099-12-31,2024-09-27,北京市文化和旅游局,11110000777051923C,北京市文化市场综合执法总队,11110000MB1G486092,,0,法人及非法人组织,13/6/2024 17:22:44
e1f7cf75-73dc-43ca-9b4f-bb427942237f,甲乙木（北京）健康管理有限公司,91110111MA04F8PU97,房*明,(京)文执罚 〔2023〕第200141号,出版、发布、传播《未成年人保护法》五十一条规定的内容，包含可能影响未成年人身心健康内容的，未以显著方式作出提示（应由文化综合执法机构处罚的行为）,甲乙木（北京）健康管理有限公司于2023年07月12日与2023年07月16日期间，存在出版、发布、传播《未成年人保护法》五十一条规定的内容，包含可能影响未成年人身心健康内容的，未以显著方式作出提示（应由文化综合执法机构处罚的行为），无违法所得,《中华人民共和国未成年人保护法》第一百二十一条,警告,警告。,,,2023-09-23,2099-12-31,2024-09-23,北京市文化和旅游局,11110000777051923C,北京市文化市场综合执法总队,11110000MB1G486092,,0,法人及非法人组织,13/6/2024 17:22:35
5657a9fe-304d-4053-aa75-6854213b4cf8,北京初露峥嵘文化传媒有限公司,91110102MA04C2YM82,白***,(京)文执罚 〔2023〕第200086号,出版、发布、传播《未成年人保护法》五十一条规定的内容，包含可能影响未成年人身心健康内容的，未以显著方式作出提示（应由文化综合执法机构处罚的行为）,北京初露峥嵘文化传媒有限公司于2022年10月01日与2023年05月25日期间，存在出版、发布、传播《未成年人保护法》五十一条规定的内容，包含可能影响未成年人身心健康内容的，未以显著方式作出提示（应由文化综合执法机构处罚的行为）,《中华人民共和国未成年人保护法》第一百二十一条,警告,警告。,,,2023-06-29,2099-12-31,2024-06-29,北京市文化和旅游局,11110000777051923C,北京市文化市场综合执法总队,11110000MB1G486092,,0,法人及非法人组织,13/6/2024 17:22:42
6ab9a33e-fd50-41da-a125-d95e25db0f6d,北京智汇酷玩文化传媒有限公司,91110108MA01XE9B3A,成*,(京)文执罚 〔2023〕第200080号,出版、发布、传播《未成年人保护法》五十一条规定的内容，包含可能影响未成年人身心健康内容的，未以显著方式作出提示（应由文化综合执法机构处罚的行为）,北京智汇酷玩文化传媒有限公司于2021年10月01日与2023年05月26日期间，存在出版、发布、传播《未成年人保护法》五十一条规定的内容，包含可能影响未成年人身心健康内容的，未以显著方式作出提示（应由文化综合执法机构处罚的行为）,《中华人民共和国未成年人保护法》第一百二十一条,警告,警告。,,,2023-06-29,2099-12-31,2024-06-29,北京市文化和旅游局,11110000777051923C,北京市文化市场综合执法总队,11110000MB1G486092,,0,法人及非法人组织,13/6/2024 17:22:45
f96e9664-5b07-4f10-95b6-be8a0d7ebdd4,北京材剧志大科技有限公司,91110101MA01UD8U39,郎*,(京)文执罚 〔2023〕第200074号,出版、发布、传播《未成年人保护法》五十一条规定的内容，包含可能影响未成年人身心健康内容的，未以显著方式作出提示（应由文化综合执法机构处罚的行为）,北京材剧志大科技有限公司于2023年03月01日与2023年06月10日期间，存在传播《未成年人保护法》五十一条规定的内容，包含可能影响未成年人身心健康内容的，未以显著方式作出提示（应由文化综合执法机构处罚的行为）的违法行为，无违法所得。,《中华人民共和国未成年人保护法》第一百二十一条,警告,警告。,,,2023-06-29,2099-12-31,2024-06-29,北京市文化和旅游局,11110000777051923C,北京市文化市场综合执法总队,11110000MB1G486092,,0,法人及非法人组织,13/6/2024 17:22:28
889edf32-5b10-49a4-a572-e71688f92cab,北京三六拾八文化有限公司,91110105MA04BGFJ59,董*君,(京)文执罚 〔2023〕第200075号,出版、发布、传播《未成年人保护法》五十一条规定的内容，包含可能影响未成年人身心健康内容的，未以显著方式作出提示（应由文化综合执法机构处罚的行为）,北京三六拾八文化有限公司于2023年05月12日与2023年05月30日期间，存在出版、发布、传播《未成年人保护法》五十一条规定的内容，包含可能影响未成年人身心健康内容的，未以显著方式作出提示（应由文化综合执法机构处罚的行为）,《中华人民共和国未成年人保护法》第一百二十一条,警告,警告。,,,2023-06-29,2099-12-31,2024-06-29,北京市文化和旅游局,11110000777051923C,北京市文化市场综合执法总队,11110000MB1G486092,,0,法人及非法人组织,13/6/2024 17:22:23
af4c117b-b2a4-4662-b041-8ffc64e26e09,北京尚欣文化传媒有限公司,91110115MA7L78RW2E,李*,(京)文执罚 〔2023〕第400196号,出版、发布、传播《未成年人保护法》五十一条规定的内容，包含可能影响未成年人身心健康内容的，未以显著方式作出提示（应由文化综合执法机构处罚的行为）,北京尚欣文化传媒有限公司于2022年05月01日与2023年08月03日期间，存在出版、发布、传播《未成年人保护法》五十一条规定的内容，包含可能影响未成年人身心健康内容的，未以显著方式作出提示（应由文化综合执法机构处罚的行为）,《中华人民共和国未成年人保护法》第一百二十一条,警告,警告。,,,2023-08-30,2099-12-31,2024-08-30,北京市文化和旅游局,11110000777051923C,北京市文化市场综合执法总队,11110000MB1G486092,,0,法人及非法人组织,13/6/2024 17:22:47
d14efe1b-69ed-4d7f-aa59-e31d3a49030d,西藏悦读纪文化传媒有限公司北京分公司,91110105MA00CLWC1T,马*刚,(京)文执罚 〔2023〕第200071号,出版、发布、传播《未成年人保护法》五十一条规定的内容，包含可能影响未成年人身心健康内容的，未以显著方式作出提示（应由文化综合执法机构处罚的行为）,西藏悦读纪文化传媒有限公司北京分公司于2022年09月01日与2023年05月26日期间，存在出版、发布、传播《未成年人保护法》五十一条规定的内容，包含可能影响未成年人身心健康内容的，未以显著方式作出提示（应由文化综合执法机构处罚的行为）,《中华人民共和国未成年人保护法》第一百二十一条,警告,警告。,,,2023-06-29,2099-12-31,2024-06-29,北京市文化和旅游局,11110000777051923C,北京市文化市场综合执法总队,11110000MB1G486092,,0,法人及非法人组织,13/6/2024 17:22:41
eddcfa25-cb94-403c-b969-f78dfd8bd6a0,北京锦衣推理文化传媒有限公司,91110114MA04F00H13,范*明,(京)文执罚 〔2023〕第200072号,出版、发布、传播《未成年人保护法》五十一条规定的内容，包含可能影响未成年人身心健康内容的，未以显著方式作出提示（应由文化综合执法机构处罚的行为）,北京锦衣推理文化传媒有限公司于2023年05月15日与2023年06月06日期间，存在传播《未成年人保护法》五十一条规定的内容，包含可能影响未成年人身心健康内容的，未以显著方式作出提示（应由文化综合执法机构处罚的行为）的违法行为，无违法所得。,《中华人民共和国未成年人保护法》第一百二十一条,警告,警告。,,,2023-06-29,2099-12-31,2024-06-29,北京市文化和旅游局,11110000777051923C,北京市文化市场综合执法总队,11110000MB1G486092,,0,法人及非法人组织,13/6/2024 17:22:46
02245e44-bd71-4d4d-b6ed-7a330a4aaffd,北京六只耳文化娱乐有限责任公司,91110114MACC28EM1T,聂*鑫,(京)文执罚 〔2023〕第200126号,出版、发布、传播《未成年人保护法》五十一条规定的内容，包含可能影响未成年人身心健康内容的，未以显著方式作出提示（应由文化综合执法机构处罚的行为）,北京六只耳文化娱乐有限责任公司于2023年03月31日至2023年07月14日期间，存在出版、发布、传播《未成年人保护法》五十一条规定的内容，包含可能影响未成年人身心健康内容的，未以显著方式作出提示（应由文化综合执法机构处罚的行为）,《中华人民共和国未成年人保护法》第一百二十一条,警告,警告。,,,2023-09-06,2099-12-31,2024-09-06,北京市文化和旅游局,11110000777051923C,北京市文化市场综合执法总队,11110000MB1G486092,,0,法人及非法人组织,13/6/2024 17:22:40
1877b743-5f1c-46cf-99e8-27e00390cf60,北京有礼有面文化有限公司,91110105MACEL6NA0T,秦*阳,(京)文执罚 〔2023〕第200183号,出版、发布、传播《未成年人保护法》五十一条规定的内容，包含可能影响未成年人身心健康内容的，未以显著方式作出提示（应由文化综合执法机构处罚的行为）,北京有礼有面文化有限公司于2023年06月15日与2023年09月08日期间，存在传播《中华人民共和国未成年人保护法》第五十一条规定的内容，包含可能影响未成年人身心健康内容的，未以显著方式作出提示的违法行为，无违法所得。,《中华人民共和国未成年人保护法》第一百二十一条,警告,警告。,,,2023-11-30,2099-12-31,2024-11-30,北京市文化和旅游局,11110000777051923C,北京市文化市场综合执法总队,11110000MB1G486092,,0,法人及非法人组织,13/6/2024 17:22:45
32fee79a-c2c1-406e-b692-ea38ebd0a4a0,北京深娱科技有限公司,91110105MA01QU511Y,杨*,(京)文执罚 〔2023〕第200113号,出版、发布、传播《未成年人保护法》五十一条规定的内容，包含可能影响未成年人身心健康内容的，未以显著方式作出提示（应由文化综合执法机构处罚的行为）,北京深娱科技有限公司于2020年10月01日与2023年07月20日期间，存在出版、发布、传播《未成年人保护法》五十一条规定的内容，包含可能影响未成年人身心健康内容的，未以显著方式作出提示（应由文化综合执法机构处罚的行为）,《中华人民共和国未成年人保护法》第一百二十一条,警告,警告。,,,2023-08-29,2099-12-31,2024-08-29,北京市文化和旅游局,11110000777051923C,北京市文化市场综合执法总队,11110000MB1G486092,,0,法人及非法人组织,13/6/2024 17:22:38
389594fa-11bb-4684-8f41-094431099905,北京不二熊湾仔娱乐中心（有限合伙）,91110105MA7D8HD04T,暴*勋,(京)文执罚 〔2023〕第200169号,出版、发布、传播《未成年人保护法》五十一条规定的内容，包含可能影响未成年人身心健康内容的，未以显著方式作出提示（应由文化综合执法机构处罚的行为）,北京不二熊湾仔娱乐中心（有限合伙）于2023年09月03日与2023年09月05日期间，存在出版、发布、传播《未成年人保护法》五十一条规定的内容，包含可能影响未成年人身心健康内容的，未以显著方式作出提示（应由文化综合执法机构处罚的行为），无违法所得。,《中华人民共和国未成年人保护法》第一百二十一条,警告,警告。,,,2023-11-07,2099-12-31,2024-11-07,北京市文化和旅游局,11110000777051923C,北京市文化市场综合执法总队,11110000MB1G486092,,0,法人及非法人组织,13/6/2024 17:22:44
49c9180b-f4ad-40df-b4f8-671bcdde79bf,北京集朋荟友文化传播有限公司,91110115MA01PBTW03,贾*曦,(京)文执罚 〔2023〕第400190号,出版、发布、传播《未成年人保护法》五十一条规定的内容，包含可能影响未成年人身心健康内容的，未以显著方式作出提示（应由文化综合执法机构处罚的行为）,北京集朋荟友文化传播有限公司于2022年08月26日与2023年07月17日期间，存在出版、发布、传播《未成年人保护法》五十一条规定的内容，包含可能影响未成年人身心健康内容的，未以显著方式作出提示（应由文化综合执法机构处罚的行为）,《中华人民共和国未成年人保护法》第一百二十一条,警告,警告。,,,2023-08-28,2099-12-31,2024-08-28,北京市文化和旅游局,11110000777051923C,北京市文化市场综合执法总队,11110000MB1G486092,,0,法人及非法人组织,13/6/2024 17:22:31
a00b6cb1-277a-40b1-ac17-cded7f3e73ae,北京莫格文化传媒有限公司,91110106MA04DWDD8N,张*昊,(京)文执罚 〔2023〕第200078号,出版、发布、传播《未成年人保护法》五十一条规定的内容，包含可能影响未成年人身心健康内容的，未以显著方式作出提示（应由文化综合执法机构处罚的行为）,北京莫格文化传媒有限公司于2021年11月25日与2023年06月06日期间，存在传播《未成年人保护法》五十一条规定的内容，包含可能影响未成年人身心健康内容的，未以显著方式作出提示（应由文化综合执法机构处罚的行为）的违法行为，无违法所得。,《中华人民共和国未成年人保护法》第一百二十一条,警告,警告。,,,2023-06-29,2099-12-31,2024-06-29,北京市文化和旅游局,11110000777051923C,北京市文化市场综合执法总队,11110000MB1G486092,,0,法人及非法人组织,13/6/2024 17:22:39
f227ebfd-cd63-4daa-9b52-b8a2f53b9eef,泡泡堡（深圳）文化创意有限公司北京分公司,91110105MA01YUEJXQ,王*,(京)文执罚 〔2023〕第200140号,出版、发布、传播《未成年人保护法》五十一条规定的内容，包含可能影响未成年人身心健康内容的，未以显著方式作出提示（应由文化综合执法机构处罚的行为）,泡泡堡（深圳）文化创意有限公司北京分公司于2021年01月14日至2023年08月01日期间，存在出版、发布、传播《未成年人保护法》五十一条规定的内容，包含可能影响未成年人身心健康内容的，未以显著方式作出提示（应由文化综合执法机构处罚的行为），无违法所得,《中华人民共和国未成年人保护法》第一百二十一条,警告,警告。,,,2023-09-22,2099-12-31,2024-09-22,北京市文化和旅游局,11110000777051923C,北京市文化市场综合执法总队,11110000MB1G486092,,0,法人及非法人组织,13/6/2024 17:22:27
06d83053-4780-4a18-93e6-b03f2424d4b2,北京祈月娱乐文化有限公司,91110115MA7DF9059H,刘*君,(京)文执罚 〔2023〕第400189号,出版、发布、传播《未成年人保护法》五十一条规定的内容，包含可能影响未成年人身心健康内容的，未以显著方式作出提示（应由文化综合执法机构处罚的行为）,北京祈月娱乐文化有限公司于2022年04月17日与2023年07月17日期间，存在出版、发布、传播《未成年人保护法》五十一条规定的内容，包含可能影响未成年人身心健康内容的，未以显著方式作出提示（应由文化综合执法机构处罚的行为）,《中华人民共和国未成年人保护法》第一百二十一条,警告,警告。,,,2023-08-28,2099-12-31,2024-08-28,北京市文化和旅游局,11110000777051923C,北京市文化市场综合执法总队,11110000MB1G486092,,0,法人及非法人组织,13/6/2024 17:22:23
14a6ff9e-bb94-4963-9aaf-7b3ce81cf66a,北京剧光灯文化传媒有限公司,91110115MA02ABK199,刘*瑄,(京)文执罚 〔2023〕第200121号,出版、发布、传播《未成年人保护法》五十一条规定的内容，包含可能影响未成年人身心健康内容的，未以显著方式作出提示（应由文化综合执法机构处罚的行为）,北京剧光灯文化传媒有限公司于2023年04月01日与2023年06月27日期间，存在出版、发布、传播《未成年人保护法》五十一条规定的内容，包含可能影响未成年人身心健康内容的，未以显著方式作出提示（应由文化综合执法机构处罚的行为）,《中华人民共和国未成年人保护法》第一百二十一条,警告,警告。,,,2023-09-05,2099-12-31,2024-09-05,北京市文化和旅游局,11110000777051923C,北京市文化市场综合执法总队,11110000MB1G486092,,0,法人及非法人组织,13/6/2024 17:22:44
1fa429e7-67fe-4503-b427-17859b8d376d,北京思维出道文化传媒有限公司,91110105MA04ERB27G,李*,(京)文执罚 〔2023〕第200122号,出版、发布、传播《未成年人保护法》五十一条规定的内容，包含可能影响未成年人身心健康内容的，未以显著方式作出提示（应由文化综合执法机构处罚的行为）,北京思维出道文化传媒有限公司于2023年04月30日与2023年06月12日期间，存在出版、发布、传播《未成年人保护法》五十一条规定的内容，包含可能影响未成年人身心健康内容的，未以显著方式作出提示（应由文化综合执法机构处罚的行为）,《中华人民共和国未成年人保护法》第一百二十一条,警告,警告。,,,2023-09-05,2099-12-31,2024-09-05,北京市文化和旅游局,11110000777051923C,北京市文化市场综合执法总队,11110000MB1G486092,,0,法人及非法人组织,13/6/2024 17:22:29
38bcf4cc-0f8c-48a9-b63d-01b1b5cdd9eb,北京杰荣文化有限公司,91110106MABY4Y4B8H,丁*莲,(京)文执罚 〔2023〕第200147号,出版、发布、传播《未成年人保护法》五十一条规定的内容，包含可能影响未成年人身心健康内容的，未以显著方式作出提示（应由文化综合执法机构处罚的行为）,北京杰荣文化有限公司于2022年12月01日至2023年08月19日期间，存在出版、发布、传播《未成年人保护法》五十一条规定的内容，包含可能影响未成年人身心健康内容的，未以显著方式作出提示的行为，无违法所得。,《中华人民共和国未成年人保护法》第一百二十一条,警告,警告。,,,2023-09-26,2099-12-31,2024-09-26,北京市文化和旅游局,11110000777051923C,北京市文化市场综合执法总队,11110000MB1G486092,,0,法人及非法人组织,13/6/2024 17:22:43
3da24ff3-0357-4b6b-a543-500c15d3f8b4,北京不言和他的好朋友们文化传播有限公司,91110114MA04BQEB0P,聂*海,(京)文执罚 〔2023〕第500045号,出版、发布、传播《未成年人保护法》五十一条规定的内容，包含可能影响未成年人身心健康内容的，未以显著方式作出提示（应由文化综合执法机构处罚的行为）,    北京不言和他的好朋友们文化传播有限公司于2023年08月16日与2023年08月23日期间，存在出版、发布、传播《未成年人保护法》五十一条规定的内容，包含可能影响未成年人身心健康内容的，未以显著方式作出提示（应由文化综合执法机构处罚的行为）,《中华人民共和国未成年人保护法》第一百二十一条,警告,警告。,,,2023-10-11,2099-12-31,2024-10-11,北京市文化和旅游局,11110000777051923C,北京市文化市场综合执法总队,11110000MB1G486092,,0,法人及非法人组织,13/6/2024 17:22:40
91a208ce-435d-49e4-9b4d-6993277b93a4,宇阔（北京）文化娱乐有限公司,91110106MAC2Y9Q81R,刘*昊,(京)文执罚 〔2023〕第200055号,出版、发布、传播《未成年人保护法》五十一条规定的内容，包含可能影响未成年人身心健康内容的，未以显著方式作出提示（应由文化综合执法机构处罚的行为）,宇阔（北京）文化娱乐有限公司于2022年11月23日与2023年05月13日期间，存在传播《未成年人保护法》五十一条规定的内容，包含可能影响未成年人身心健康内容的，未以显著方式作出提示（应由文化综合执法机构处罚的行为），给予警告的行政处罚。,《中华人民共和国未成年人保护法》第一百二十一条,警告,警告。,,,2023-06-16,2099-12-31,2024-06-16,北京市文化和旅游局,11110000777051923C,北京市文化市场综合执法总队,11110000MB1G486092,,0,法人及非法人组织,13/6/2024 17:22:34
a6544b2c-d19a-43dd-9cb1-11566fd3143a,北京花园温莎文化发展有限公司,91110108554886878E,刘*飞,(京)文执罚 〔2023〕第200114号,违法设置经营营业性娱乐场所、酒吧、互联网上网服务营业场所等场所或违法允许未成年人进入以上场所或未尽到提醒未成年人及核验证件义务（文化综合执法）,北京花园温莎文化发展有限公司于2023年07月14日与2023年07月14日期间，存在违法设置经营营业性娱乐场所、酒吧、互联网上网服务营业场所等场所或违法允许未成年人进入以上场所或未尽到提醒未成年人及核验证件义务（文化综合执法）,《中华人民共和国未成年人保护法》第一百二十三条,警告;罚款,1.警告;2.罚款人民币伍仟元。,0.5,,2023-08-31,2099-12-31,2024-08-31,北京市文化和旅游局,11110000777051923C,北京市文化市场综合执法总队,11110000MB1G486092,,0,法人及非法人组织,13/6/2024 17:22:27
c25f1b68-d551-47fa-a6a2-1c7b69a69b1b,北京云湖文化娱乐有限公司,91110105MA0206XM59,邰*,(京)文执罚 〔2023〕第200092号,出版、发布、传播《未成年人保护法》五十一条规定的内容，包含可能影响未成年人身心健康内容的，未以显著方式作出提示（应由文化综合执法机构处罚的行为）,北京云湖文化娱乐有限公司于2021年04月01日与2023年05月30日期间，存在出版、发布、传播《未成年人保护法》五十一条规定的内容，包含可能影响未成年人身心健康内容的，未以显著方式作出提示（应由文化综合执法机构处罚的行为）,《中华人民共和国未成年人保护法》第一百二十一条,警告,警告。,,,2023-06-30,2099-12-31,2024-06-30,北京市文化和旅游局,11110000777051923C,北京市文化市场综合执法总队,11110000MB1G486092,,0,法人及非法人组织,13/6/2024 17:22:47
5cda4cfa-3120-4c18-8b74-7357ea16c6ee,北京长异城文化传播有限公司,91110105MA7GXK5N9C,宋*艳,(京)文执罚 〔2024〕第200148号,出版、发布、传播《未成年人保护法》五十一条规定的内容，包含可能影响未成年人身心健康内容的，未以显著方式作出提示（应由文化综合执法机构处罚的行为）,北京长异城文化传播有限公司于2024年08月05日经营的密室逃脱存在出版、发布、传播《未成年人保护法》五十一条规定的内容，包含可能影响未成年人身心健康内容的，未以显著方式作出提示（应由文化综合执法机构处罚的行为）,《中华人民共和国未成年人保护法》第一百二十一条,警告,1.警告;,,,2024-10-29,2099-12-31,2025-10-29,北京市文化和旅游局,11110000777051923C,北京市文化市场综合执法总队,11110000MB1G486092,,0,法人及非法人组织,27/12/2024 17:49:52
717519e3-1a2d-4165-a899-6afd2af65b9a,北京忒嗨国际文化传媒科技有限公司,91110105MA020D2P18,杨*文,(京)文执罚 〔2024〕第200002号,出版、发布、传播《未成年人保护法》五十一条规定的内容，包含可能影响未成年人身心健康内容的，未以显著方式作出提示（应由文化综合执法机构处罚的行为）,北京忒嗨国际文化传媒科技有限公司于2023年03月18日与2023年10月09日期间，存在出版、发布、传播《未成年人保护法》五十一条规定的内容，包含可能影响未成年人身心健康内容的，未以显著方式作出提示（应由文化综合执法机构处罚的行为），无违法所得,《中华人民共和国未成年人保护法》第一百二十一条,警告,警告。,,,2024-01-03,2099-12-31,2025-01-03,北京市文化和旅游局,11110000777051923C,北京市文化市场综合执法总队,11110000MB1G486092,,0,法人及非法人组织,13/6/2024 17:06:28
7274677c-9c14-4e09-9839-b4d7c999e0c8,玖号车享(北京)科技有限公司,91110108MA01TR6LXB,姚*光,(京)文执罚 〔2023〕第200077号,出版、发布、传播《未成年人保护法》五十一条规定的内容，包含可能影响未成年人身心健康内容的，未以显著方式作出提示（应由文化综合执法机构处罚的行为）,玖号车享(北京)科技有限公司于2023年06月01日与2023年06月07日期间，存在出版、发布、传播《未成年人保护法》五十一条规定的内容，包含可能影响未成年人身心健康内容的，未以显著方式作出提示（应由文化综合执法机构处罚的行为）,《中华人民共和国未成年人保护法》第一百二十一条,警告,警告。,,,2023-06-29,2099-12-31,2024-06-29,北京市文化和旅游局,11110000777051923C,北京市文化市场综合执法总队,11110000MB1G486092,,0,法人及非法人组织,13/6/2024 17:22:27
deda3101-82c8-4e87-a8b9-bc24ef9bf181,北京奇晟文化娱乐有限公司,91110108MA02AA8A36,韩*,(京)文执罚 〔2023〕第200069号,出版、发布、传播《未成年人保护法》五十一条规定的内容，包含可能影响未成年人身心健康内容的，未以显著方式作出提示（应由文化综合执法机构处罚的行为）,北京奇晟文化娱乐有限公司于2021年08月01日与2023年06月05日期间，存在出版、发布、传播《未成年人保护法》五十一条规定的内容，包含可能影响未成年人身心健康内容的，未以显著方式作出提示（应由文化综合执法机构处罚的行为）,《中华人民共和国未成年人保护法》第一百二十一条,警告,警告。,,,2023-06-28,2099-12-31,2024-06-28,北京市文化和旅游局,11110000777051923C,北京市文化市场综合执法总队,11110000MB1G486092,,0,法人及非法人组织,13/6/2024 17:22:32
e44f276c-2884-454d-a674-b2e1de028004,北京萌主宠物用品有限公司,91110112MA00HBK07P,刘*然,(京)文执罚 〔2023〕第400252号,出版、发布、传播《未成年人保护法》五十一条规定的内容，包含可能影响未成年人身心健康内容的，未以显著方式作出提示（应由文化综合执法机构处罚的行为）,北京萌主宠物用品有限公司于2023年05月10日与2023年07月12日期间，存在出版、发布、传播《未成年人保护法》五十一条规定的内容，包含可能影响未成年人身心健康内容的，未以显著方式作出提示（应由文化综合执法机构处罚的行为）,《中华人民共和国未成年人保护法》第一百二十一条,警告,警告。,,,2023-09-21,2099-12-31,2024-09-21,北京市文化和旅游局,11110000777051923C,北京市文化市场综合执法总队,11110000MB1G486092,,0,法人及非法人组织,13/6/2024 17:22:31
d94af8cd-75d1-4355-8d56-b1b308e33edf,北京第一天文化有限公司,91110105MA04CX719C,董*,(京)文执罚 〔2023〕第200129号,出版、发布、传播《未成年人保护法》五十一条规定的内容，包含可能影响未成年人身心健康内容的，未以显著方式作出提示（应由文化综合执法机构处罚的行为）,北京第一天文化有限公司于2023年07月03日至2023年07月28日期间，存在出版、发布、传播《未成年人保护法》五十一条规定的内容，包含可能影响未成年人身心健康内容的，未以显著方式作出提示（应由文化综合执法机构处罚的行为）,《中华人民共和国未成年人保护法》第一百二十一条,警告,警告。,,,2023-09-06,2099-12-31,2024-09-06,北京市文化和旅游局,11110000777051923C,北京市文化市场综合执法总队,11110000MB1G486092,,0,法人及非法人组织,13/6/2024 17:22:33
e8458a83-1dc7-4575-960d-b7d2ce77e5a3,青歌青影(北京)科技有限公司,91110106MA04C37419,刘*琦,(京)文执罚 〔2023〕第200083号,出版、发布、传播《未成年人保护法》五十一条规定的内容，包含可能影响未成年人身心健康内容的，未以显著方式作出提示（应由文化综合执法机构处罚的行为）,青歌青影(北京)科技有限公司于2021年12月31日与2023年05月30日期间，存在传播《未成年人保护法》五十一条规定的内容，包含可能影响未成年人身心健康内容的，未以显著方式作出提示（应由文化综合执法机构处罚的行为）的违法行为，无违法所得。,《中华人民共和国未成年人保护法》第一百二十一条,警告,警告。,,,2023-06-29,2099-12-31,2024-06-29,北京市文化和旅游局,11110000777051923C,北京市文化市场综合执法总队,11110000MB1G486092,,0,法人及非法人组织,13/6/2024 17:22:29
cff45aed-6493-450a-acc8-26d4ccdef157,北京风玉文化传媒有限公司,91110105MACCH9RK2L,张*之,(京)文执罚 〔2024〕第200063号,出版、发布、传播《未成年人保护法》五十一条规定的内容，包含可能影响未成年人身心健康内容的，未以显著方式作出提示（应由文化综合执法机构处罚的行为）,北京风玉文化传媒有限公司于2023年03月06日至2024年03月26日期间，存在出版、发布、传播《未成年人保护法》五十一条规定的内容，包含可能影响未成年人身心健康内容的，未以显著方式作出提示（应由文化综合执法机构处罚的行为），无违法所得,《中华人民共和国未成年人保护法》第一百二十一条,警告,警告。,,,2024-06-08,2099-12-31,2025-06-08,北京市文化和旅游局,11110000777051923C,北京市文化市场综合执法总队,11110000MB1G486092,,0,法人及非法人组织,13/6/2024 17:06:28
dd9416bd-3d55-4c1c-83b8-e5897d1e7a5f,北京唤忆文化传播有限公司,91110101MA04DH3L9G,崔*,(京)文执罚 〔2023〕第200066号,出版、发布、传播《未成年人保护法》五十一条规定的内容，包含可能影响未成年人身心健康内容的，未以显著方式作出提示（应由文化综合执法机构处罚的行为）,北京唤忆文化传播有限公司于2022年01月02日与2023年05月28日期间，存在传播《未成年人保护法》五十一条规定的内容，包含可能影响未成年人身心健康内容的，未以显著方式作出提示（应由文化综合执法机构处罚的行为）的违法行为，依法对该单位作出警告的行政处罚。,《中华人民共和国未成年人保护法》第一百二十一条,警告,警告。,,,2023-06-25,2099-12-31,2024-06-25,北京市文化和旅游局,11110000777051923C,北京市文化市场综合执法总队,11110000MB1G486092,,0,法人及非法人组织,13/6/2024 17:22:36
f22e3090-7823-4aa1-a852-aa340aab9b11,北京贺霖文化传媒有限公司,91110105MACCUXJL68,刘*节,(京)文执罚 〔2023〕第200168号,出版、发布、传播《未成年人保护法》五十一条规定的内容，包含可能影响未成年人身心健康内容的，未以显著方式作出提示（应由文化综合执法机构处罚的行为）,北京贺霖文化传媒有限公司于2023年05月07日与2023年08月15日期间，存在出版、发布、传播《未成年人保护法》五十一条规定的内容，包含可能影响未成年人身心健康内容的，未以显著方式作出提示（应由文化综合执法机构处罚的行为），无违法所得。,《中华人民共和国未成年人保护法》第一百二十一条,警告,警告。,,,2023-11-07,2099-12-31,2024-11-07,北京市文化和旅游局,11110000777051923C,北京市文化市场综合执法总队,11110000MB1G486092,,0,法人及非法人组织,13/6/2024 17:22:44
f7e82ba3-3e30-4837-b165-2cf92d18bfa5,北京韵迎文化传媒有限公司,91110115MA02A4CM0P,崔*迎,(京)文执罚 〔2023〕第400216号,出版、发布、传播《未成年人保护法》五十一条规定的内容，包含可能影响未成年人身心健康内容的，未以显著方式作出提示（应由文化综合执法机构处罚的行为）,"北京韵迎文化传媒有限公司于2022年02月01日与2023年07月18日期间，存在出版、发布、传播《未成年人保护法》五十一条规定的内容，包含可能影响未成年人身心健康内容的，未以显著方式作出提示（应由文化综合执法机构处罚的行为）。依据《中华人民共和国未成年人保护法》第一百二十一条的规定,对其进行行政处罚。",《中华人民共和国未成年人保护法》第一百二十一条,警告,警告。,,,2023-09-12,2099-12-31,2024-09-12,北京市文化和旅游局,11110000777051923C,北京市文化市场综合执法总队,11110000MB1G486092,,0,法人及非法人组织,13/6/2024 17:22:34
febeae7e-82a8-4345-9aa2-bfdc27b31d19,北京灰原文化有限公司,91110105MA7M73540W,刘*辰,(京)文执罚 〔2023〕第200116号,出版、发布、传播《未成年人保护法》五十一条规定的内容，包含可能影响未成年人身心健康内容的，未以显著方式作出提示（应由文化综合执法机构处罚的行为）,北京灰原文化有限公司于2022年02月01日与2023年06月17日期间，存在出版、发布、传播《未成年人保护法》五十一条规定的内容，包含可能影响未成年人身心健康内容的，未以显著方式作出提示（应由文化综合执法机构处罚的行为）,《中华人民共和国未成年人保护法》第一百二十一条,警告,警告。,,,2023-09-01,2099-12-31,2024-09-01,北京市文化和旅游局,11110000777051923C,北京市文化市场综合执法总队,11110000MB1G486092,,0,法人及非法人组织,13/6/2024 17:22:31
d9f4f4d0-1dfa-4730-8210-39f066c1a116,北京原点光阴文化传媒有限公司,91110115MA020GWKXK,郭*暄,(京)文执罚 〔2023〕第400215号,出版、发布、传播《未成年人保护法》五十一条规定的内容，包含可能影响未成年人身心健康内容的，未以显著方式作出提示（应由文化综合执法机构处罚的行为）,北京原点光阴文化传媒有限公司于2022年11月10日与2023年08月15日期间，存在出版、发布、传播《未成年人保护法》五十一条规定的内容，包含可能影响未成年人身心健康内容的，未以显著方式作出提示（应由文化综合执法机构处罚的行为）,《中华人民共和国未成年人保护法》第一百二十一条,警告,警告。,,,2023-09-12,2099-12-31,2024-09-12,北京市文化和旅游局,11110000777051923C,北京市文化市场综合执法总队,11110000MB1G486092,,0,法人及非法人组织,13/6/2024 17:22:28
e1c6a9ba-b600-4916-9152-8b6aa6303d58,北京详和酒店管理有限公司,91110102MA00551Y29,张*建,(京)文执罚 〔2023〕第200090号,出版、发布、传播《未成年人保护法》五十一条规定的内容，包含可能影响未成年人身心健康内容的，未以显著方式作出提示（应由文化综合执法机构处罚的行为）,北京祥和酒店管理有限公司于2023年05月01日与2023年05月25日期间，存在出版、发布、传播《未成年人保护法》五十一条规定的内容，包含可能影响未成年人身心健康内容的，未以显著方式作出提示（应由文化综合执法机构处罚的行为）,《中华人民共和国未成年人保护法》第一百二十一条,警告,警告。,,,2023-06-29,2099-12-31,2024-06-29,北京市文化和旅游局,11110000777051923C,北京市文化市场综合执法总队,11110000MB1G486092,,0,法人及非法人组织,13/6/2024 17:22:27
12e17115-b436-478b-91c6-b39bfa1d19e8,北京茗颐餐饮文化有限公司,91110106MA04GY6768,袁*,(京)文执罚 〔2023〕第200065号,出版、发布、传播《未成年人保护法》五十一条规定的内容，包含可能影响未成年人身心健康内容的，未以显著方式作出提示（应由文化综合执法机构处罚的行为）,北京茗颐餐饮文化有限公司于2022年10月01日与2023年05月25日期间，存在传播《未成年人保护法》五十一条规定的内容，包含可能影响未成年人身心健康内容的，未以显著方式作出提示（应由文化综合执法机构处罚的行为），无违法所得。,《中华人民共和国未成年人保护法》第一百二十一条,警告,警告。,,,2023-06-25,2099-12-31,2024-06-25,北京市文化和旅游局,11110000777051923C,北京市文化市场综合执法总队,11110000MB1G486092,,0,法人及非法人组织,13/6/2024 17:22:31
198ccbce-deb6-4f5d-a446-635950f664f7,傲越霆星（北京）文化传媒有限公司,91110106MA7KWQKQ3X,祝*仁,(京)文执罚 〔2023〕第200093号,出版、发布、传播《未成年人保护法》五十一条规定的内容，包含可能影响未成年人身心健康内容的，未以显著方式作出提示（应由文化综合执法机构处罚的行为）,傲越霆星（北京）文化传媒有限公司于2023年04月27日与2023年05月19日期间，存在出版、发布、传播《未成年人保护法》五十一条规定的内容，包含可能影响未成年人身心健康内容的，未以显著方式作出提示（应由文化综合执法机构处罚的行为），无违法所得,《中华人民共和国未成年人保护法》第一百二十一条,警告,警告。,,,2023-06-30,2099-12-31,2024-06-30,北京市文化和旅游局,11110000777051923C,北京市文化市场综合执法总队,11110000MB1G486092,,0,法人及非法人组织,13/6/2024 17:22:24
28d87ad1-47c0-4f0d-94bb-8b50c9ce5922,北京禹荟星雪文化传播店（经营者:邬惺祚）,92110101MA7F5KLJ4L,邬*祚,(京)文执罚 〔2023〕第200142号,出版、发布、传播《未成年人保护法》五十一条规定的内容，包含可能影响未成年人身心健康内容的，未以显著方式作出提示（应由文化综合执法机构处罚的行为）,北京禹荟星雪文化传播店于2023年02月15日至2023年08月29日期间，存在传播《中华人民共和国未成年人保护法》第五十一条规定的内容，包含可能影响未成年人身心健康内容的，未以显著方式作出提示（应由文化综合执法机构处罚的行为）的违法行为，无违法所得。,《中华人民共和国未成年人保护法》第一百二十一条,警告,警告。,,,2023-09-25,2099-12-31,2024-09-25,北京市文化和旅游局,11110000777051923C,北京市文化市场综合执法总队,11110000MB1G486092,,0,个体工商户,13/6/2024 17:22:29
a5842166-b401-4492-bf1d-101c61d3b0fa,北京每天文化有限公司,91110105MA028JYK4E,车*,(京)文执罚 〔2023〕第200124号,出版、发布、传播《未成年人保护法》五十一条规定的内容，包含可能影响未成年人身心健康内容的，未以显著方式作出提示（应由文化综合执法机构处罚的行为）,北京每天文化有限公司于2023年03月20日与2023年06月23日期间，存在出版、发布、传播《未成年人保护法》五十一条规定的内容，包含可能影响未成年人身心健康内容的，未以显著方式作出提示（应由文化综合执法机构处罚的行为）,《中华人民共和国未成年人保护法》第一百二十一条,警告,警告。,,,2023-09-06,2099-12-31,2024-09-06,北京市文化和旅游局,11110000777051923C,北京市文化市场综合执法总队,11110000MB1G486092,,0,法人及非法人组织,13/6/2024 17:22:44
b283a6f1-357b-4073-ba2c-bd0b29a72bad,名阁（北京）传媒有限公司,91110101MA01RY4Q64,袁*东,(京)文执罚 〔2023〕第200151号,出版、发布、传播《未成年人保护法》五十一条规定的内容，包含可能影响未成年人身心健康内容的，未以显著方式作出提示（应由文化综合执法机构处罚的行为）,名阁（北京）传媒有限公司于2023年08月20日至2023年08月31日期间，存在传播《中华人民共和国未成年人保护法》第五十一条规定的内容，包含可能影响未成年人身心健康内容的，未以显著方式作出提示的违法行为，无违法所得。,《中华人民共和国未成年人保护法》第一百二十一条,警告,警告。,,,2023-09-27,2099-12-31,2024-09-27,北京市文化和旅游局,11110000777051923C,北京市文化市场综合执法总队,11110000MB1G486092,,0,法人及非法人组织,13/6/2024 17:22:45
cf654f15-3625-485f-98d3-6f73503d99ef,北京千思至细文化中心（经营者：张洪硕）,92110115MA04DBY83M,张*硕,(京)文执罚 〔2023〕第400186号,出版、发布、传播《未成年人保护法》五十一条规定的内容，包含可能影响未成年人身心健康内容的，未以显著方式作出提示（应由文化综合执法机构处罚的行为）,北京千思至细文化中心于2022年12月与2023年07月期间，存在传播《未成年人保护法》五十一条规定的内容，包含可能影响未成年人身心健康内容的，未以显著方式作出提示。,《中华人民共和国未成年人保护法》第一百二十一条,警告,警告。,,,2023-08-28,2099-12-31,2024-08-28,北京市文化和旅游局,11110000777051923C,北京市文化市场综合执法总队,11110000MB1G486092,,0,个体工商户,13/6/2024 17:22:36
08903619-ac7c-4503-b79a-6f8121513719,北京岔路口桌游有限公司,91110400MA7F6RF3XD,张*亮,(京)文执罚 〔2023〕第400193号,出版、发布、传播《未成年人保护法》五十一条规定的内容，包含可能影响未成年人身心健康内容的，未以显著方式作出提示（应由文化综合执法机构处罚的行为）,北京岔路口桌游有限公司于2021年07月与2023年07月期间，存在出版、发布、传播《未成年人保护法》五十一条规定的内容，包含可能影响未成年人身心健康内容的，未以显著方式作出提示行为。,《中华人民共和国未成年人保护法》第一百二十一条,警告,警告。,,,2023-08-30,2099-12-31,2024-08-30,北京市文化和旅游局,11110000777051923C,北京市文化市场综合执法总队,11110000MB1G486092,,0,法人及非法人组织,13/6/2024 17:22:45
143f9f67-014f-4517-90f7-6c691c43c332,北京环峰文化传播有限公司,91110114MA04CW2X6D,刘*,(京)文执罚 〔2023〕第200128号,出版、发布、传播《未成年人保护法》五十一条规定的内容，包含可能影响未成年人身心健康内容的，未以显著方式作出提示（应由文化综合执法机构处罚的行为）,北京环峰文化传播有限公司于2021年09月30日至2023年07月14日期间，存在出版、发布、传播《未成年人保护法》五十一条规定的内容，包含可能影响未成年人身心健康内容的，未以显著方式作出提示（应由文化综合执法机构处罚的行为）,《中华人民共和国未成年人保护法》第一百二十一条,警告,警告。,,,2023-09-06,2099-12-31,2024-09-06,北京市文化和旅游局,11110000777051923C,北京市文化市场综合执法总队,11110000MB1G486092,,0,法人及非法人组织,13/6/2024 17:22:27
1a511414-6dcc-4531-b8a7-cc09c51a7b80,确实是（北京）网络科技有限公司,91110105MA020M1EXR,高*,(京)文执罚 〔2023〕第200166号,出版、发布、传播《未成年人保护法》五十一条规定的内容，包含可能影响未成年人身心健康内容的，未以显著方式作出提示（应由文化综合执法机构处罚的行为）,"确实是（北京）网络科技有限公司于2022年09月10日与2023年09月08日期间，存在出版、发布、传播《未成年人保护法》五十一条规定的内容，包含可能影响未成年人身心健康内容的，未以显著方式作出提示（应由文化综合执法机构处罚的行为）,无违法所得。",《中华人民共和国未成年人保护法》第一百二十一条,警告,警告。,,,2023-11-07,2099-12-31,2024-11-07,北京市文化和旅游局,11110000777051923C,北京市文化市场综合执法总队,11110000MB1G486092,,0,法人及非法人组织,13/6/2024 17:22:26
2bc06bd5-e177-4a7f-8606-884d7d6053c6,北京理性时光京南文化发展有限公司,91110101MA01P5U093,陈*祥,(京)文执罚 〔2023〕第200053号,出版、发布、传播《未成年人保护法》五十一条规定的内容，包含可能影响未成年人身心健康内容的，未以显著方式作出提示（应由文化综合执法机构处罚的行为）,北京理性时光京南文化发展有限公司于2022年07月12日与2023年05月15日期间，存在传播《未成年人保护法》五十一条规定的内容，包含可能影响未成年人身心健康内容的，未以显著方式作出提示（应由文化综合执法机构处罚的行为）的违法行为，依法作出行政处罚：警告。,《中华人民共和国未成年人保护法》第一百二十一条,警告,警告。,,,2023-06-15,2099-12-31,2024-06-15,北京市文化和旅游局,11110000777051923C,北京市文化市场综合执法总队,11110000MB1G486092,,0,法人及非法人组织,13/6/2024 17:22:26
2c0d4366-8be1-48c3-a977-e6682ea26aee,北京异趣之文化传播有限公司,91110105MA7K61K27L,宋*艳,(京)文执罚 〔2023〕第200125号,出版、发布、传播《未成年人保护法》五十一条规定的内容，包含可能影响未成年人身心健康内容的，未以显著方式作出提示（应由文化综合执法机构处罚的行为）,北京异趣之文化传播有限公司于2022年03月16日至2023年07月19日期间，存在出版、发布、传播《未成年人保护法》五十一条规定的内容，包含可能影响未成年人身心健康内容的，未以显著方式作出提示（应由文化综合执法机构处罚的行为）,《中华人民共和国未成年人保护法》第一百二十一条,警告,警告。,,,2023-09-06,2099-12-31,2024-09-06,北京市文化和旅游局,11110000777051923C,北京市文化市场综合执法总队,11110000MB1G486092,,0,法人及非法人组织,13/6/2024 17:22:35
4dbbc050-9393-48fd-9afd-22b4d09e24d9,北京笑乐休闲娱乐有限公司,91110105MA0216RP7J,王*,(京)文执罚 〔2023〕第200156号,出版、发布、传播《未成年人保护法》五十一条规定的内容，包含可能影响未成年人身心健康内容的，未以显著方式作出提示（应由文化综合执法机构处罚的行为）,对北京笑乐休闲娱乐有限公司于2023年02月07日至2023年08月22日期间，其经营的剧本存在传播《中华人民共和国未成年人保护法》第五十一条规定的内容，包含可能影响未成年人身心健康内容的，未以显著方式作出提示的违法行为，给予警告的行政处罚。,《中华人民共和国未成年人保护法》第一百二十一条,警告,警告。,,,2023-10-12,2099-12-31,2024-10-12,北京市文化和旅游局,11110000777051923C,北京市文化市场综合执法总队,11110000MB1G486092,,0,法人及非法人组织,13/6/2024 17:22:44
aa65e57b-ab91-48fb-b74f-2a568f80527a,北京甄贾文化有限公司,91110105MAC2B6WG1H,杨*,(京)文执罚 〔2023〕第200162号,出版、发布、传播《未成年人保护法》五十一条规定的内容，包含可能影响未成年人身心健康内容的，未以显著方式作出提示（应由文化综合执法机构处罚的行为）,北京甄贾文化有限公司于2023年07月13日与2023年08月02日期间，存在出版、发布、传播《未成年人保护法》五十一条规定的内容，包含可能影响未成年人身心健康内容的，未以显著方式作出提示（应由文化综合执法机构处罚的行为），无违法所得,《中华人民共和国未成年人保护法》第一百二十一条,警告,警告。,,,2023-11-01,2099-12-31,2024-11-01,北京市文化和旅游局,11110000777051923C,北京市文化市场综合执法总队,11110000MB1G486092,,0,法人及非法人组织,13/6/2024 17:22:22
bb59b9b6-76dd-40d0-9e3d-e8798b7d0478,北京洪兴辉科贸有限公司,91110115MA01DMXM9K,刘*辉,(京)文执罚 〔2023〕第400195号,出版、发布、传播《未成年人保护法》五十一条规定的内容，包含可能影响未成年人身心健康内容的，未以显著方式作出提示（应由文化综合执法机构处罚的行为）,北京洪兴辉科贸有限公司于2022年11月10日与2023年08月03日期间，存在出版、发布、传播《未成年人保护法》五十一条规定的内容，包含可能影响未成年人身心健康内容的，未以显著方式作出提示（应由文化综合执法机构处罚的行为）。,《中华人民共和国未成年人保护法》第一百二十一条,警告,警告。,,,2023-08-30,2099-12-31,2024-08-30,北京市文化和旅游局,11110000777051923C,北京市文化市场综合执法总队,11110000MB1G486092,,0,法人及非法人组织,13/6/2024 17:22:35
d9c46c0d-cf08-42c9-9a2e-63b16d831498,北京聚逗剧本桌游娱乐店（经营者：王钰雅）,92110105MABTWUU51G,王*雅,(京)文执罚 〔2023〕第200167号,出版、发布、传播《未成年人保护法》五十一条规定的内容，包含可能影响未成年人身心健康内容的，未以显著方式作出提示（应由文化综合执法机构处罚的行为）,北京聚逗剧本桌游娱乐店于2023年03月30日与2023年08月29日期间，存在出版、发布、传播《未成年人保护法》五十一条规定的内容，包含可能影响未成年人身心健康内容的，未以显著方式作出提示（应由文化综合执法机构处罚的行为），无违法所得,《中华人民共和国未成年人保护法》第一百二十一条,警告,警告。,,,2023-11-07,2099-12-31,2024-11-07,北京市文化和旅游局,11110000777051923C,北京市文化市场综合执法总队,11110000MB1G486092,,0,个体工商户,13/6/2024 17:22:36
